http://wlchatc3pjwpli5r.onion,200,13
http://5u56fjmxu63xcmbk.onion,200,3
http://y7iu3tanwmtp6oid.onion,ConnectTimeout,2
http://galaxy2gchufcb3z.onion,200,2
http://nytimes3xbfgragh.onion/2019,404,1
http://xxxxgqam4crv6rr6.onion,ConnectTimeout,1
http://hty3epcxja62jlxm.onion,ConnectTimeout,1
http://h4ckorsoftgfvvng.onion,200,1
http://lofvj56iunsrr2dh.onion,ConnectTimeout,1
http://4bzzsg2ii4fv2iid.onion,ConnectTimeout,1
http://sexonsk3ylefanut.onion,ConnectTimeout,1
http://aacnshdurq6ihmcs.onion,ConnectTimeout,1
